,mutant,cAMP_LogEC50,GEMME_pred
0,A15T,-10.3,-0.0526985637734437
1,H22L,-10.23,-0.200182510785992
2,R41S,-10.44,-0.0222744734234048
3,P51L,-10.41,
4,L53F,-10.62,-0.346445964160064
5,L54T,-10.42,
6,P91A,-10.17,-0.438657330432071
7,P91T,-9.982,-0.377216018810225
8,Q102R,-10.47,-0.697775154595663
9,V104M,-10.54,-2.5833472792062
10,S115F,-9.998,-3.26653421860426
11,L138S,-10.38,-0.271137080972833
12,E158K,-9.431,-3.31845711405609
13,E161K,-10.3,-0.520558957305929
14,V184L,-10.19,-1.09094385822777
15,T198I,-10.68,-0.807575544693958
16,K205R,-10.67,-0.376035277681565
17,T209M,-10.14,-3.50336441989118
18,V230A,-9.402,-1.45183140336129
19,V234I,-11.15,-0.36924674203121
20,G248E,-10.34,
21,R261C,-8.862,-4.64901603001636
22,S262P,-9.647,-5.01346022288203
23,T287M,-10.54,-2.91935958941287
24,R298W,-10.81,-1.36988857387464
25,W300R,-10.06,-4.3820566627604
26,A321T,-10.41,-0.416530701860971
27,H324N,-10.92,
28,W340R,-8.964,-4.27862696685354
29,M347T,-10.12,-3.92000522143999
30,V351A,-11.38,
31,K370I,-10.15,
32,Q373K,-10.68,-2.52156149435633
33,R377T,-10.45,-1.22210256717918
34,P392L,-10.92,-1.98637621806093
35,V396I,-10.83,-1.38270417865266
36,V409I,-10.54,-0.354916872616907
37,R417Q,-9.425,-3.40632120700259
38,G441A,-10.54,-2.3702539135527
39,D470N,-11.15,-0.0053024410700933
40,R472W,-11.03,-0.733906619319827
41,R491W,-9.951,-1.43974819000969
42,R501W,-10.55,-1.8346684245251
43,R508Q,-11.12,-0.107518327354328
44,A515T,-11.03,-0.0018327515710834
45,R523T,-10.25,
46,R523H,-10.79,-1.24172402976538
47,R526Q,-10.74,-0.324337415071567
48,V64I,-10.79,-0.479491949261521
49,R74Q,-10.48,-0.109086864096415
50,V21I,-10.75,-0.0007991421603299
51,R458C,-11.08,-2.57402378040546
52,P36A,-11.38,-0.166317892597996
53,R204Q,-10.7,-5.98536462439754
54,A515V,-10.7,-0.266298314553456
55,F454C,-11.29,-3.32173334989672
56,E255A,-11.28,-1.73552855928258
57,R458H,-10.9,-0.360148575580022
