mutant,RaSP_pred,GEMME_pred,Cluster
R526Q,0.2988607148048,-0.324337415071567,cAMP_WT_arrestin_decreased_activity
R74Q,1.182906714391093,-0.109086864096415,cAMP_WT_arrestin_decreased_activity
F454C,1.418904533885454,-3.32173334989672,cAMP_WT_arrestin_decreased_activity
R458C,1.020349940857098,-2.57402378040546,cAMP_WT_arrestin_decreased_activity
R204Q,0.5040488254532457,-5.98536462439754,cAMP_WT_arrestin_decreased_activity
A515T,-0.0385709162408459,-0.0018327515710834,cAMP_decreased_activity_arrestin_WT
A515V,-0.0985449212807282,-0.266298314553456,cAMP_decreased_activity_arrestin_WT
E255A,0.2517199733444131,-1.73552855928258,cAMP_decreased_activity_arrestin_WT
R458H,0.169577378293691,-0.360148575580022,cAMP_decreased_activity_arrestin_WT
P36A,0.0738644938914645,-0.166317892597996,WT
V234I,0.1479549030361254,-0.36924674203121,WT
R472W,-0.3685030580201065,-0.733906619319827,WT
V64I,0.8573859937661021,-0.479491949261521,WT
E161K,0.7223941064687028,-0.520558957305929,WT
R523H,0.1434930271926771,-1.24172402976538,WT
H22L,-0.4714044815326917,-0.200182510785992,WT
R41S,0.6270884364850812,-0.0222744734234048,WT
A15T,-0.1247622763106426,-0.0526985637734437,WT
T198I,-0.4395837540350744,-0.807575544693958,WT
G441A,-0.1801181168824039,-2.3702539135527,WT
R298W,-0.2746539960044936,-1.36988857387464,WT
P91A,0.3528957304446162,-0.438657330432071,WT
T209M,-0.8208561091611849,-3.50336441989118,WT
P91T,0.5108257251843897,-0.377216018810225,LoF
V230A,0.6731458201857837,-1.45183140336129,LoF
W340R,2.804293767232495,-4.27862696685354,LoF
R261C,2.135957594094674,-4.64901603001636,LoF
D470N,0.1867402959463271,-0.0053024410700933,cAMP_increased_activity_arrestin_decreased_activity
V21I,-0.2052246773637622,-0.0007991421603299,cAMP_increased_activity_arrestin_decreased_activity
T287M,-0.5134099964754957,-2.91935958941287,cAMP_increased_activity_arrestin_decreased_activity
